kind,source,language,output,blocks,title
local_textbook_overlay,Regression_with_R_and_Python_v2_work/CH2 Covariation in data.tex,R,Chapter02_Covariation_in_data/R/chapter02.R,22,Covariation in data
local_textbook_overlay,Regression_with_R_and_Python_v2_work/CH2 Covariation in data.tex,Python,Chapter02_Covariation_in_data/python/chapter02.py,21,Covariation in data
local_textbook_overlay,Regression_with_R_and_Python_v2_work/CH3 Basic probability.tex,R,Chapter03_Basic_probability_theory_and_statistical_inference_ch_probability_theory/R/chapter03.R,9,Basic probability theory and statistical inference
local_textbook_overlay,Regression_with_R_and_Python_v2_work/CH3 Basic probability.tex,Python,Chapter03_Basic_probability_theory_and_statistical_inference_ch_probability_theory/python/chapter03.py,13,Basic probability theory and statistical inference
local_textbook_overlay,Regression_with_R_and_Python_v2_work/CH4 Correlation and inference.tex,R,Chapter04_Correlation_and_inference_about_a_population_ch_population_korrelation/R/chapter04.R,2,Correlation and inference about a population
local_textbook_overlay,Regression_with_R_and_Python_v2_work/CH4 Correlation and inference.tex,Python,Chapter04_Correlation_and_inference_about_a_population_ch_population_korrelation/python/chapter04.py,2,Correlation and inference about a population
local_textbook_overlay,Regression_with_R_and_Python_v2_work/CH5 Simple linear regression.tex,R,Chapter05_The_simple_linear_regression_model/R/chapter05.R,14,The simple linear regression model
local_textbook_overlay,Regression_with_R_and_Python_v2_work/CH5 Simple linear regression.tex,Python,Chapter05_The_simple_linear_regression_model/python/chapter05.py,12,The simple linear regression model
local_textbook_overlay,Regression_with_R_and_Python_v2_work/CH6 Multiple linear regression.tex,R,Chapter06_Multiple_Linear_Regression/R/chapter06.R,23,Multiple Linear Regression
local_textbook_overlay,Regression_with_R_and_Python_v2_work/CH6 Multiple linear regression.tex,Python,Chapter06_Multiple_Linear_Regression/python/chapter06.py,16,Multiple Linear Regression
local_textbook_overlay,Regression_with_R_and_Python_v2_work/CH7 Nonlinear functional form.tex,R,Chapter07_Nonlinear_functional_form/R/chapter07.R,15,Nonlinear functional form
local_textbook_overlay,Regression_with_R_and_Python_v2_work/CH7 Nonlinear functional form.tex,Python,Chapter07_Nonlinear_functional_form/python/chapter07.py,13,Nonlinear functional form
local_textbook_overlay,Regression_with_R_and_Python_v2_work/CH8 Regression with dependent errors.tex,R,Chapter08_Regression_analysis_with_dependent_error_terms_ch_reg_dep_error/R/chapter08.R,4,Regression analysis with dependent error terms
local_textbook_overlay,Regression_with_R_and_Python_v2_work/CH8 Regression with dependent errors.tex,Python,Chapter08_Regression_analysis_with_dependent_error_terms_ch_reg_dep_error/python/chapter08.py,3,Regression analysis with dependent error terms
local_textbook_overlay,Regression_with_R_and_Python_v2_work/CH9 Binary dependent variable.tex,R,Chapter09_Binary_dependent_variable_ch_logit/R/chapter09.R,20,Binary dependent variable
local_textbook_overlay,Regression_with_R_and_Python_v2_work/CH9 Binary dependent variable.tex,Python,Chapter09_Binary_dependent_variable_ch_logit/python/chapter09.py,18,Binary dependent variable
local_textbook_overlay,Regression_with_R_and_Python_v2_work/CH10 Prediction.tex,R,Chapter10_Prediction_ch_prediction/R/chapter10.R,24,Prediction
local_textbook_overlay,Regression_with_R_and_Python_v2_work/CH11 Time series analysis.tex,R,Chapter11_Time_series_analysis/R/chapter11.R,18,Time series analysis
local_textbook_overlay,Regression_with_R_and_Python_v2_work/CH11 Time series analysis.tex,Python,Chapter11_Time_series_analysis/python/chapter11.py,15,Time series analysis
local_textbook_overlay,Regression_with_R_and_Python_v2_work/CH12 Causal analyses.tex,R,Chapter12_Causal_analyses_ch_causality/R/chapter12.R,6,Causal analyses
local_textbook_overlay,Regression_with_R_and_Python_v2_work/CH12 Causal analyses.tex,Python,Chapter12_Causal_analyses_ch_causality/python/chapter12.py,6,Causal analyses
local_textbook_overlay,Regression_with_R_and_Python_v2_work/Appendix R program.tex,R,Appendix_R_program_R_code/appendix_R_program_all.R,87,The R Programming Language
local_textbook_overlay,Regression_with_R_and_Python_v2_work/Appendix R program.tex,R,Appendix_R_program_R_code/01_r_programming_fundamentals.R,63,R Programming Fundamentals
local_textbook_overlay,Regression_with_R_and_Python_v2_work/Appendix R program.tex,R,Appendix_R_program_R_code/02_probability_distributions.R,4,Probability Distributions
local_textbook_overlay,Regression_with_R_and_Python_v2_work/Appendix R program.tex,R,Appendix_R_program_R_code/03_tidyverse_packages.R,13,Tidyverse packages
local_textbook_overlay,Regression_with_R_and_Python_v2_work/Appendix R program.tex,R,Appendix_R_program_R_code/04_accessing_data_through_apis.R,7,Accessing data through APIs
local_textbook_overlay,Regression_with_R_and_Python_v2_work/Appendix Python.tex,Python,Appendix_Python_code/appendix_python_all.py,77,The Python Programming Language
local_textbook_overlay,Regression_with_R_and_Python_v2_work/Appendix Python.tex,Python,Appendix_Python_code/by_topic/02_basic_computations_in_python.py,9,Basic computations in Python
local_textbook_overlay,Regression_with_R_and_Python_v2_work/Appendix Python.tex,Python,Appendix_Python_code/by_topic/03_loops_and_iteration_in_python.py,12,Loops and iteration in Python
local_textbook_overlay,Regression_with_R_and_Python_v2_work/Appendix Python.tex,Python,Appendix_Python_code/by_topic/04_functions_in_python.py,3,Functions in Python
local_textbook_overlay,Regression_with_R_and_Python_v2_work/Appendix Python.tex,Python,Appendix_Python_code/by_topic/05_core_data_structures_in_python.py,8,Core data structures in Python
local_textbook_overlay,Regression_with_R_and_Python_v2_work/Appendix Python.tex,Python,Appendix_Python_code/by_topic/06_importing_data_and_accessing_external_sources.py,9,Importing data and accessing external sources
local_textbook_overlay,Regression_with_R_and_Python_v2_work/Appendix Python.tex,Python,Appendix_Python_code/by_topic/07_basic_dataset_manipulation_in_python.py,13,Basic dataset manipulation in Python
local_textbook_overlay,Regression_with_R_and_Python_v2_work/Appendix Python.tex,Python,Appendix_Python_code/by_topic/08_data_visualisation_in_python.py,13,Data Visualisation in Python
local_textbook_overlay,Regression_with_R_and_Python_v2_work/Appendix Python.tex,Python,Appendix_Python_code/by_topic/09_using_pythons_documentation_tools.py,2,Using Python's documentation tools
local_textbook_overlay,Regression_with_R_and_Python_v2_work/Appendix Python.tex,Python,Appendix_Python_code/by_topic/10_discrete_and_continuous_probability_distributions.py,1,Discrete and Continuous Probability Distributions
local_textbook_overlay,Regression_with_R_and_Python_v2_work/Appendix Python.tex,Python,Appendix_Python_code/by_topic/11_the_inverse_cdf_inverse_transform_method.py,2,The Inverse c.d.f. (Inverse Transform) Method
local_textbook_overlay,Regression_with_R_and_Python_v2_work/Appendix Python.tex,Python,Appendix_Python_code/by_topic/12_example_world_bank_data_via_wbgapi.py,1,Example: World Bank data via wbgapi
local_textbook_overlay,Regression_with_R_and_Python_v2_work/Appendix Python.tex,Python,Appendix_Python_code/by_topic/13_example_financial_time_series_from_yahoo_finance.py,1,Example: financial time series from Yahoo Finance
local_textbook_overlay,Regression_with_R_and_Python_v2_work/Appendix Python.tex,Python,Appendix_Python_code/by_topic/14_example_fred_oecd_and_eurostat.py,3,"Example: FRED, OECD, and Eurostat"
